{
  "hash": "5dfe7dd6",
  "configHash": "f067e5da",
  "lockfileHash": "e63dc797",
  "browserHash": "1c8bece3",
  "optimized": {
    "@angular/common": {
      "src": "../../../../../node_modules/@angular/common/fesm2022/common.mjs",
      "file": "@angular_common.js",
      "fileHash": "96d72567",
      "needsInterop": false
    },
    "@angular/common/http": {
      "src": "../../../../../node_modules/@angular/common/fesm2022/http.mjs",
      "file": "@angular_common_http.js",
      "fileHash": "afdf4941",
      "needsInterop": false
    },
    "@angular/core": {
      "src": "../../../../../node_modules/@angular/core/fesm2022/core.mjs",
      "file": "@angular_core.js",
      "fileHash": "a035ca2d",
      "needsInterop": false
    },
    "@angular/platform-browser": {
      "src": "../../../../../node_modules/@angular/platform-browser/fesm2022/platform-browser.mjs",
      "file": "@angular_platform-browser.js",
      "fileHash": "51c18fcb",
      "needsInterop": false
    },
    "@angular/router": {
      "src": "../../../../../node_modules/@angular/router/fesm2022/router.mjs",
      "file": "@angular_router.js",
      "fileHash": "026097fa",
      "needsInterop": false
    },
    "@angular/forms": {
      "src": "../../../../../node_modules/@angular/forms/fesm2022/forms.mjs",
      "file": "@angular_forms.js",
      "fileHash": "d2508b7a",
      "needsInterop": false
    },
    "sweetalert2": {
      "src": "../../../../../node_modules/sweetalert2/dist/sweetalert2.all.js",
      "file": "sweetalert2.js",
      "fileHash": "362f1734",
      "needsInterop": true
    }
  },
  "chunks": {
    "chunk-BXY6ZOIQ": {
      "file": "chunk-BXY6ZOIQ.js"
    },
    "chunk-G7EHM7JF": {
      "file": "chunk-G7EHM7JF.js"
    },
    "chunk-HHZ4FQTA": {
      "file": "chunk-HHZ4FQTA.js"
    },
    "chunk-BITAGTGM": {
      "file": "chunk-BITAGTGM.js"
    },
    "chunk-WKYGNSYM": {
      "file": "chunk-WKYGNSYM.js"
    }
  }
}