{
  "hash": "b6676663",
  "configHash": "7375a7d7",
  "lockfileHash": "cbde139c",
  "browserHash": "3020754b",
  "optimized": {
    "@angular/common": {
      "src": "../../../../../node_modules/@angular/common/fesm2022/common.mjs",
      "file": "@angular_common.js",
      "fileHash": "f7d10d0c",
      "needsInterop": false
    },
    "@angular/core": {
      "src": "../../../../../node_modules/@angular/core/fesm2022/core.mjs",
      "file": "@angular_core.js",
      "fileHash": "be80044c",
      "needsInterop": false
    },
    "@angular/platform-browser": {
      "src": "../../../../../node_modules/@angular/platform-browser/fesm2022/platform-browser.mjs",
      "file": "@angular_platform-browser.js",
      "fileHash": "b036f151",
      "needsInterop": false
    },
    "@angular/router": {
      "src": "../../../../../node_modules/@angular/router/fesm2022/router.mjs",
      "file": "@angular_router.js",
      "fileHash": "cbcafa5b",
      "needsInterop": false
    },
    "@angular/common/http": {
      "src": "../../../../../node_modules/@angular/common/fesm2022/http.mjs",
      "file": "@angular_common_http.js",
      "fileHash": "8c762010",
      "needsInterop": false
    },
    "@angular/forms": {
      "src": "../../../../../node_modules/@angular/forms/fesm2022/forms.mjs",
      "file": "@angular_forms.js",
      "fileHash": "178931a2",
      "needsInterop": false
    },
    "sweetalert2": {
      "src": "../../../../../node_modules/sweetalert2/dist/sweetalert2.all.js",
      "file": "sweetalert2.js",
      "fileHash": "cb12e59a",
      "needsInterop": true
    }
  },
  "chunks": {
    "chunk-T5M5GFLG": {
      "file": "chunk-T5M5GFLG.js"
    },
    "chunk-AONIQFNT": {
      "file": "chunk-AONIQFNT.js"
    },
    "chunk-AOAHLWD4": {
      "file": "chunk-AOAHLWD4.js"
    },
    "chunk-J3XSMWGI": {
      "file": "chunk-J3XSMWGI.js"
    },
    "chunk-WKYGNSYM": {
      "file": "chunk-WKYGNSYM.js"
    }
  }
}